Date,QQQM
2021-01-04,122.95986938476562
2021-01-05,123.94196319580078
2021-01-06,122.23420715332031
2021-01-07,125.26273345947266
2021-01-08,126.88822937011719
2021-01-11,124.9917984008789
2021-01-12,124.95306396484375
2021-01-13,125.6303939819336
2021-01-14,124.95306396484375
2021-01-15,123.9468002319336
2021-01-19,125.81422424316406
2021-01-20,128.75564575195312
2021-01-21,129.80068969726562
2021-01-22,129.44264221191406
2021-01-25,130.26512145996094
2021-01-26,130.66177368164062
2021-01-27,127.18820190429688
2021-01-28,127.79778289794922
2021-01-29,125.17561340332031
2021-02-01,128.2428436279297
2021-02-02,130.34732055664062
2021-02-03,129.86837768554688
2021-02-04,131.25201416015625
2021-02-05,131.77450561523438
2021-02-08,132.59695434570312
2021-02-09,132.56793212890625
2021-02-10,132.23895263671875
2021-02-11,132.9830322265625
2021-02-12,133.8064422607422
2021-02-16,133.43873596191406
2021-02-17,132.7808074951172
2021-02-18,132.2196044921875
2021-02-19,131.5519561767578
2021-02-22,128.25253295898438
2021-02-23,127.87522888183594
2021-02-24,128.92015075683594
2021-02-25,124.36286926269531
2021-02-26,125.5143051147461
2021-03-01,128.64926147460938
2021-03-02,126.55925750732422
2021-03-03,122.93086242675781
2021-03-04,120.86021423339844
2021-03-05,122.86312866210938
2021-03-08,119.2540512084961
2021-03-09,124.08226776123047
2021-03-10,123.55977630615234
2021-03-11,126.53992462158203
2021-03-12,125.41753387451172
2021-03-15,126.7914810180664
2021-03-16,127.45909118652344
2021-03-17,127.97191619873047
2021-03-18,124.11127471923828
2021-03-19,124.60475158691406
2021-03-22,126.88811492919922
2021-03-23,126.22937774658203
2021-03-24,124.1949691772461
2021-03-25,123.98185729980469
2021-03-26,125.8806381225586
2021-03-29,125.60935974121094
2021-03-30,125.17344665527344
2021-03-31,127.12064361572266
2021-04-01,129.22283935546875
2021-04-05,131.8481903076172
2021-04-06,131.6495819091797
2021-04-07,132.01290893554688
2021-04-08,133.3788299560547
2021-04-09,134.17318725585938
2021-04-12,134.066650390625
2021-04-13,135.5972900390625
2021-04-14,133.940673828125
2021-04-15,135.95571899414062
2021-04-16,136.19790649414062
2021-04-19,134.9676055908203
2021-04-20,133.93099975585938
2021-04-21,135.04507446289062
2021-04-22,133.53384399414062
2021-04-23,135.1419677734375
2021-04-26,136.01385498046875
2021-04-27,135.32603454589844
2021-04-28,134.8997802734375
2021-04-29,135.4228515625
2021-04-30,134.492919921875
2021-05-03,133.82443237304688
2021-05-04,131.56724548339844
2021-05-05,131.00534057617188
2021-05-06,131.99349975585938
2021-05-07,133.13661193847656
2021-05-10,129.75567626953125
2021-05-11,129.57159423828125
2021-05-12,126.19059753417969
2021-05-13,127.12064361572266
2021-05-14,129.9978790283203
2021-05-17,129.13568115234375
2021-05-18,128.22503662109375
2021-05-19,128.50592041015625
2021-05-20,130.8988037109375
2021-05-21,130.13351440429688
2021-05-24,132.36160278320312
2021-05-25,132.61349487304688
2021-05-26,133.04945373535156
2021-05-27,132.61349487304688
2021-05-28,132.94285583496094
2021-06-01,132.5360107421875
2021-06-02,132.7491455078125
2021-06-03,131.35409545898438
2021-06-04,133.64041137695312
2021-06-07,134.00852966308594
2021-06-08,134.0279083251953
2021-06-09,134.1441192626953
2021-06-10,135.50526428222656
2021-06-11,135.83946228027344
2021-06-14,137.0823974609375
2021-06-15,136.33352661132812
2021-06-16,135.791015625
2021-06-17,137.5057373046875
2021-06-18,136.3916473388672
2021-06-21,137.26661682128906
2021-06-22,138.55673217773438
2021-06-23,138.55673217773438
2021-06-24,139.41033935546875
2021-06-25,139.31336975097656
2021-06-28,141.02056884765625
2021-06-29,141.4765167236328
2021-06-30,141.36004638671875
2021-07-01,141.36004638671875
2021-07-02,142.95089721679688
2021-07-06,143.52320861816406
2021-07-07,143.80450439453125
2021-07-08,143.01882934570312
2021-07-09,143.8917999267578
2021-07-12,144.48353576660156
2021-07-13,144.47381591796875
2021-07-14,144.70663452148438
2021-07-15,143.6978302001953
2021-07-16,142.55319213867188
2021-07-19,141.4085693359375
2021-07-20,143.03822326660156
2021-07-21,144.06646728515625
2021-07-22,145.08493041992188
2021-07-23,146.68548583984375
2021-07-26,146.88914489746094
2021-07-27,145.30804443359375
2021-07-28,145.83184814453125
2021-07-29,146.08404541015625
2021-07-30,145.34683227539062
2021-08-02,145.337158203125
2021-08-03,146.21983337402344
2021-08-04,146.44296264648438
2021-08-05,147.36447143554688
2021-08-06,146.72430419921875
2021-08-09,146.99581909179688
2021-08-10,146.2489776611328
2021-08-11,145.987060546875
2021-08-12,146.5205535888672
2021-08-13,147.02496337890625
2021-08-16,147.10256958007812
2021-08-17,145.802734375
2021-08-18,144.40591430664062
2021-08-19,145.08493041992188
2021-08-20,146.5884552001953
2021-08-23,148.76124572753906
2021-08-24,149.25599670410156
2021-08-25,149.34332275390625
2021-08-26,148.47996520996094
2021-08-27,149.89617919921875
2021-08-30,151.59371948242188
2021-08-31,151.4481964111328
2021-09-01,151.71981811523438
2021-09-02,151.66160583496094
2021-09-03,152.11752319335938
2021-09-07,152.33090209960938
2021-09-08,151.81683349609375
2021-09-09,151.28329467773438
2021-09-10,150.1580810546875
2021-09-13,150.0417022705078
2021-09-14,149.61489868164062
2021-09-15,150.70130920410156
2021-09-16,150.80801391601562
2021-09-17,149.06198120117188
2021-09-20,146.04779052734375
2021-09-21,146.0963592529297
2021-09-22,147.4752655029297
2021-09-23,148.81533813476562
2021-09-24,148.99984741210938
2021-09-27,147.8151092529297
2021-09-28,143.7657928466797
2021-09-29,143.39682006835938
2021-09-30,142.85301208496094
2021-10-01,143.7464141845703
2021-10-04,140.81373596191406
2021-10-05,142.62965393066406
2021-10-06,143.6007537841797
2021-10-07,144.86309814453125
2021-10-08,144.15420532226562
2021-10-11,143.05699157714844
2021-10-12,142.57139587402344
2021-10-13,143.668701171875
2021-10-14,146.3293914794922
2021-10-15,147.27134704589844
2021-10-18,148.7376708984375
2021-10-19,149.7960968017578
2021-10-20,149.65045166015625
2021-10-21,150.59237670898438
2021-10-22,149.310546875
2021-10-25,150.85455322265625
2021-10-26,151.2624053955078
2021-10-27,151.6896514892578
2021-10-28,153.3404998779297
2021-10-29,154.15614318847656
2021-11-01,154.612548828125
2021-11-02,155.26318359375
2021-11-03,156.95281982421875
2021-11-04,158.94349670410156
2021-11-05,159.0891571044922
2021-11-08,158.88523864746094
2021-11-09,157.80731201171875
2021-11-10,155.48651123046875
2021-11-11,155.90408325195312
2021-11-12,157.53549194335938
2021-11-15,157.50633239746094
2021-11-16,158.6521759033203
2021-11-17,158.7007598876953
2021-11-18,160.33213806152344
2021-11-19,161.2643280029297
2021-11-22,159.42904663085938
2021-11-23,158.6619110107422
2021-11-24,159.1571502685547
2021-11-26,156.1468505859375
2021-11-29,159.50669860839844
2021-11-30,157.20533752441406
2021-12-01,154.612548828125
2021-12-02,155.67103576660156
2021-12-03,152.98117065429688
2021-12-06,154.16587829589844
2021-12-07,158.88523864746094
2021-12-08,159.5455780029297
2021-12-09,157.27328491210938
2021-12-10,158.91436767578125
2021-12-13,156.603271484375
2021-12-14,155.04953002929688
2021-12-15,158.39971923828125
2021-12-16,154.5154571533203
2021-12-17,153.67063903808594
2021-12-20,152.20196533203125
2021-12-21,155.51638793945312
2021-12-22,157.4215087890625
2021-12-23,158.6753692626953
2021-12-27,161.2510986328125
2021-12-28,160.56097412109375
2021-12-29,160.5220947265625
2021-12-30,159.9000244140625
2021-12-31,158.96694946289062
2022-01-03,160.60960388183594
2022-01-04,158.50042724609375
2022-01-05,153.71826171875
2022-01-06,153.5336151123047
2022-01-07,151.8909454345703
2022-01-10,152.03675842285156
2022-01-11,154.1654052734375
2022-01-12,154.89437866210938
2022-01-13,151.11338806152344
2022-01-14,151.9006805419922
2022-01-18,148.34324645996094
2022-01-19,146.55479431152344
2022-01-20,144.63999938964844
2022-01-21,140.58688354492188
2022-01-24,141.1797637939453
2022-01-25,137.84588623046875
2022-01-26,137.83616638183594
2022-01-27,136.42677307128906
2022-01-28,140.625732421875
2022-01-31,145.1259765625
2022-02-01,146.1271514892578
2022-02-02,147.31292724609375
2022-02-03,141.4032745361328
2022-02-04,143.0265350341797
2022-02-07,142.00595092773438
2022-02-08,143.5999755859375
2022-02-09,146.57421875
2022-02-10,143.38616943359375
2022-02-11,138.8081512451172
2022-02-14,138.98306274414062
2022-02-15,142.33641052246094
2022-02-16,142.33641052246094
2022-02-17,138.1277313232422
2022-02-18,136.57254028320312
2022-02-22,135.2020721435547
2022-02-23,131.67381286621094
2022-02-24,136.04771423339844
2022-02-25,138.25413513183594
2022-02-28,138.7886962890625
2022-03-01,136.48512268066406
2022-03-02,138.83731079101562
2022-03-03,136.87388610839844
2022-03-04,134.8910675048828
2022-03-07,129.9048309326172
2022-03-08,129.31192016601562
2022-03-09,133.85104370117188
2022-03-10,132.46109008789062
2022-03-11,129.73956298828125
2022-03-14,127.2513198852539
2022-03-15,131.23643493652344
2022-03-16,135.9990997314453
2022-03-17,137.68060302734375
2022-03-18,140.52854919433594
2022-03-21,140.18206787109375
2022-03-22,142.8975067138672
2022-03-23,140.86334228515625
2022-03-24,143.92921447753906
2022-03-25,143.87078857421875
2022-03-28,146.02174377441406
2022-03-29,148.59121704101562
2022-03-30,147.01449584960938
2022-03-31,144.99008178710938
2022-04-01,144.86355590820312
2022-04-04,147.8125762939453
2022-04-05,144.55209350585938
2022-04-06,141.35972595214844
2022-04-07,141.7296142578125
2022-04-08,139.82196044921875
2022-04-11,136.5906524658203
2022-04-12,135.89959716796875
2022-04-13,138.6637420654297
2022-04-14,135.49081420898438
2022-04-18,135.66600036621094
2022-04-19,138.6053009033203
2022-04-20,136.610107421875
2022-04-21,133.83621215820312
2022-04-22,130.2740478515625
2022-04-25,131.97727966308594
2022-04-26,127.0037612915039
2022-04-27,126.87725067138672
2022-04-28,131.34463500976562
2022-04-29,125.49518585205078
2022-05-02,127.5585708618164
2022-05-03,127.73371887207031
2022-05-04,132.01617431640625
2022-05-05,125.54385375976562
2022-05-06,123.86981201171875
2022-05-09,119.11044311523438
2022-05-10,120.50224304199219
2022-05-11,116.90109252929688
2022-05-12,116.62859344482422
2022-05-13,120.77477264404297
2022-05-16,119.57762908935547
2022-05-17,122.62401580810547
2022-05-18,116.67723846435547
2022-05-19,115.9180679321289
2022-05-20,115.60663604736328
2022-05-23,117.46561431884766
2022-05-24,115.012939453125
2022-05-25,116.6091079711914
2022-05-26,119.85014343261719
2022-05-27,123.79195404052734
2022-05-31,123.54862213134766
2022-06-01,122.5072250366211
2022-06-02,125.90399169921875
2022-06-03,122.546142578125
2022-06-06,123.1203842163086
2022-06-07,124.06446838378906
2022-06-08,123.15929412841797
2022-06-09,119.91828155517578
2022-06-10,115.63582611083984
2022-06-13,110.38983154296875
2022-06-14,110.5552749633789
2022-06-15,113.29021453857422
2022-06-16,108.73526000976562
2022-06-17,109.98104858398438
2022-06-21,112.73558044433594
2022-06-22,112.59907531738281
2022-06-23,114.24690246582031
2022-06-24,118.38114166259766
2022-06-27,117.2988510131836
2022-06-28,113.7593994140625
2022-06-29,113.86663818359375
2022-06-30,112.3260498046875
2022-07-01,113.16458892822266
2022-07-05,115.06596374511719
2022-07-06,115.7972412109375
2022-07-07,118.30313110351562
2022-07-08,118.42987823486328
2022-07-11,115.90450286865234
2022-07-12,114.81245422363281
2022-07-13,114.62718200683594
2022-07-14,115.01720428466797
2022-07-15,117.01606750488281
2022-07-18,116.07025909423828
2022-07-19,119.58045196533203
2022-07-20,121.55006408691406
2022-07-21,123.29540252685547
2022-07-22,121.16979217529297
2022-07-25,120.49701690673828
2022-07-26,118.11787414550781
2022-07-27,123.10037994384766
2022-07-28,124.28995513916016
2022-07-29,126.55206298828125
2022-08-01,126.4935531616211
2022-08-02,126.06454467773438
2022-08-03,129.41871643066406
2022-08-04,130.16952514648438
2022-08-05,129.0969696044922
2022-08-08,128.658203125
2022-08-09,127.19561004638672
2022-08-10,130.68629455566406
2022-08-11,130.05252075195312
2022-08-12,132.5681610107422
2022-08-15,133.6016845703125
2022-08-16,133.36770629882812
2022-08-17,131.78810119628906
2022-08-18,132.0903778076172
2022-08-19,129.50653076171875
2022-08-22,126.15233612060547
2022-08-23,126.02555084228516
2022-08-24,126.31806182861328
2022-08-25,128.6094207763672
2022-08-26,123.3734130859375
2022-08-29,122.10585021972656
2022-08-30,120.7602767944336
2022-08-31,120.1459732055664
2022-09-01,120.09722900390625
2022-09-02,118.47865295410156
2022-09-06,117.60110473632812
2022-09-07,119.94122314453125
2022-09-08,120.53599548339844
2022-09-09,123.10037994384766
2022-09-12,124.62144470214844
2022-09-13,117.82535552978516
2022-09-14,118.78091430664062
2022-09-15,116.76254272460938
2022-09-16,115.9630126953125
2022-09-19,116.9840316772461
2022-09-20,116.03629302978516
2022-09-21,113.95513153076172
2022-09-22,112.55794525146484
2022-09-23,110.7992172241211
2022-09-26,110.13479614257812
2022-09-27,110.33021545410156
2022-09-28,112.56770324707031
2022-09-29,109.37272644042969
2022-09-30,107.42835235595703
2022-10-03,109.94918060302734
2022-10-04,113.42752838134766
2022-10-05,113.30050659179688
2022-10-06,112.47976684570312
2022-10-07,108.13182830810547
2022-10-10,107.02774810791016
2022-10-11,105.67939758300781
2022-10-12,105.63053894042969
2022-10-13,108.02433776855469
2022-10-14,104.819580078125
2022-10-17,108.2002182006836
2022-10-18,109.15774536132812
2022-10-19,108.74739837646484
2022-10-20,108.13182830810547
2022-10-21,110.73081970214844
2022-10-24,111.9423828125
2022-10-25,114.19939422607422
2022-10-26,111.67857360839844
2022-10-27,109.63650512695312
2022-10-28,113.02693176269531
2022-10-31,111.7274398803711
2022-11-01,110.5744857788086
2022-11-02,106.83232116699219
2022-11-03,104.75117492675781
2022-11-04,106.34378814697266
2022-11-07,107.53582000732422
2022-11-08,108.33702087402344
2022-11-09,105.85527038574219
2022-11-10,113.57408905029297
2022-11-11,115.74317932128906
2022-11-14,114.72702026367188
2022-11-15,116.31962585449219
2022-11-16,114.70747375488281
2022-11-17,114.48274993896484
2022-11-18,114.59999084472656
2022-11-21,113.3200454711914
2022-11-22,114.89311218261719
2022-11-23,116.17306518554688
2022-11-25,115.33280944824219
2022-11-28,113.61316680908203
2022-11-29,112.81196594238281
2022-11-30,117.97088623046875
2022-12-01,118.08812713623047
2022-12-02,117.58982849121094
2022-12-05,115.67476654052734
2022-12-06,113.368896484375
2022-12-07,112.74357604980469
2022-12-08,114.0625991821289
2022-12-09,113.40797424316406
2022-12-12,114.77587890625
2022-12-13,116.05583953857422
2022-12-14,115.06900024414062
2022-12-15,111.38544464111328
2022-12-16,110.27159881591797
2022-12-19,108.7241439819336
2022-12-20,108.60659790039062
2022-12-21,110.18343353271484
2022-12-22,107.52926635742188
2022-12-23,107.76432037353516
2022-12-27,106.15808868408203
2022-12-28,104.79671478271484
2022-12-29,107.39214324951172
2022-12-30,107.27462005615234
2023-01-03,106.51066589355469
2023-01-04,107.05913543701172
2023-01-05,105.4822998046875
2023-01-06,108.26380920410156
2023-01-09,109.04732513427734
2023-01-10,109.95819854736328
2023-01-11,111.88762664794922
2023-01-12,112.44587707519531
2023-01-13,113.2196044921875
2023-01-17,113.45469665527344
2023-01-18,111.96597290039062
2023-01-19,110.86903381347656
2023-01-20,113.91500091552734
2023-01-23,116.41251373291016
2023-01-24,116.19701385498047
2023-01-25,115.95216369628906
2023-01-26,118.2048110961914
2023-01-27,119.36050415039062
2023-01-30,116.93157196044922
2023-01-31,118.72388458251953
2023-02-01,121.27034759521484
2023-02-02,125.56017303466797
2023-02-03,123.39567565917969
2023-02-06,122.29874420166016
2023-02-07,124.86478424072266
2023-02-08,122.64152526855469
2023-02-09,121.573974609375
2023-02-10,120.78065490722656
2023-02-13,122.72968292236328
2023-02-14,123.61113739013672
2023-02-15,124.5611572265625
2023-02-16,122.22038269042969
2023-02-17,121.34871673583984
2023-02-21,118.51821899414062
2023-02-22,118.52801513671875
2023-02-23,119.56619262695312
2023-02-24,117.57799530029297
2023-02-27,118.43986511230469
2023-02-28,118.30274963378906
2023-03-01,117.31355285644531
2023-03-02,118.38111114501953
2023-03-03,120.76106262207031
2023-03-06,120.907958984375
2023-03-07,119.4192886352539
2023-03-08,120.00692749023438
2023-03-09,117.89139556884766
2023-03-10,116.29495239257812
2023-03-13,117.08828735351562
2023-03-14,119.75226593017578
2023-03-15,120.40848541259766
2023-03-16,123.60134887695312
2023-03-17,123.04308319091797
2023-03-20,123.43956756591797
2023-03-21,125.23550415039062
2023-03-22,123.50825500488281
2023-03-23,125.03923797607422
2023-03-24,125.48086547851562
2023-03-27,124.6368637084961
2023-03-28,123.96953582763672
2023-03-29,126.24635314941406
2023-03-30,127.42401885986328
2023-03-31,129.5536651611328
2023-04-03,129.2101593017578
2023-04-04,128.78817749023438
2023-04-05,127.46328735351562
2023-04-06,128.3759765625
2023-04-10,128.2876434326172
2023-04-11,127.45347595214844
2023-04-12,126.31505584716797
2023-04-13,128.85684204101562
2023-04-14,128.6016845703125
2023-04-17,128.69979858398438
2023-04-18,128.6703643798828
2023-04-19,128.6703643798828
2023-04-20,127.64973449707031
2023-04-21,127.76750183105469
2023-04-24,127.5319595336914
2023-04-25,125.10794067382812
2023-04-26,125.84398651123047
2023-04-27,129.2886962890625
2023-04-28,130.21115112304688
2023-05-01,130.014892578125
2023-05-02,128.8666534423828
2023-05-03,128.07174682617188
2023-05-04,127.6791763305664
2023-05-05,130.35841369628906
2023-05-08,130.70188903808594
2023-05-09,129.85791015625
2023-05-10,131.23182678222656
2023-05-11,131.68328857421875
2023-05-12,131.16311645507812
2023-05-15,131.92860412597656
2023-05-16,132.05618286132812
2023-05-17,133.6165771484375
2023-05-18,136.12899780273438
2023-05-19,135.80511474609375
2023-05-22,136.35470581054688
2023-05-23,134.54893493652344
2023-05-24,133.89137268066406
2023-05-25,137.12014770507812
2023-05-26,140.64340209960938
2023-05-30,141.2518768310547
2023-05-31,140.42747497558594
2023-06-01,142.09585571289062
2023-06-02,143.1949920654297
2023-06-05,143.24407958984375
2023-06-06,143.24407958984375
2023-06-07,140.82000732421875
2023-06-08,142.47857666015625
2023-06-09,143.0674285888672
2023-06-12,145.51107788085938
2023-06-13,146.66912841796875
2023-06-14,147.72903442382812
2023-06-15,149.456298828125
2023-06-16,148.50433349609375
2023-06-20,148.3539581298828
2023-06-21,146.398193359375
2023-06-22,148.04928588867188
2023-06-23,146.55545043945312
2023-06-26,144.66845703125
2023-06-27,147.1156463623047
2023-06-28,147.4104766845703
2023-06-29,147.10581970214844
2023-06-30,149.36622619628906
2023-07-03,149.73973083496094
2023-07-05,149.6905975341797
2023-07-06,148.5406951904297
2023-07-07,148.1180877685547
2023-07-10,148.14756774902344
2023-07-11,148.82568359375
2023-07-12,150.72251892089844
2023-07-13,153.25816345214844
2023-07-14,153.28762817382812
2023-07-17,154.63406372070312
2023-07-18,155.97067260742188
2023-07-19,155.8035888671875
2023-07-20,152.3245086669922
2023-07-21,151.88221740722656
2023-07-24,152.12791442871094
2023-07-25,153.1991424560547
2023-07-26,152.6193389892578
2023-07-27,152.2655029296875
2023-07-28,155.01734924316406
2023-07-31,155.2139129638672
2023-08-01,154.781494140625
2023-08-02,151.38101196289062
2023-08-03,151.09597778320312
2023-08-04,150.42767333984375
2023-08-07,151.666015625
2023-08-08,150.37852478027344
2023-08-09,148.70777893066406
2023-08-10,149.0517578125
2023-08-11,148.07876586914062
2023-08-14,149.77899169921875
2023-08-15,148.18690490722656
2023-08-16,146.56527709960938
2023-08-17,144.9730987548828
2023-08-18,144.77658081054688
2023-08-21,147.17457580566406
2023-08-22,146.92889404296875
2023-08-23,149.28759765625
2023-08-24,146.02471923828125
2023-08-25,147.2335662841797
2023-08-28,148.3539581298828
2023-08-29,151.49891662597656
2023-08-30,152.4129180908203
2023-08-31,152.7568817138672
2023-09-01,152.69793701171875
2023-09-05,152.87486267089844
2023-09-06,151.5775604248047
2023-09-07,150.42767333984375
2023-09-08,150.64390563964844
2023-09-11,152.44241333007812
2023-09-12,150.75201416015625
2023-09-13,151.34169006347656
2023-09-14,152.5603485107422
2023-09-15,149.87730407714844
2023-09-18,150.10867309570312
2023-09-19,149.803466796875
2023-09-20,147.64767456054688
2023-09-21,144.86187744140625
2023-09-22,144.95045471191406
2023-09-25,145.6395263671875
2023-09-26,143.41485595703125
2023-09-27,143.779052734375
2023-09-28,144.9307861328125
2023-09-29,145.1079864501953
2023-10-02,146.32859802246094
2023-10-03,143.7101287841797
2023-10-04,145.69857788085938
2023-10-05,145.22610473632812
2023-10-06,147.64767456054688
2023-10-09,148.4351806640625
2023-10-10,149.2423858642578
2023-10-11,150.3252410888672
2023-10-12,149.78379821777344
2023-10-13,147.9232940673828
2023-10-16,149.63612365722656
2023-10-17,149.13409423828125
2023-10-18,147.15550231933594
2023-10-19,145.75767517089844
2023-10-20,143.61172485351562
2023-10-23,144.03500366210938
2023-10-24,145.4229736328125
2023-10-25,141.8791961669922
2023-10-26,139.05401611328125
2023-10-27,139.87103271484375
2023-10-30,141.42637634277344
2023-10-31,142.0760955810547
2023-11-01,144.63543701171875
2023-11-02,147.1751708984375
2023-11-03,148.93722534179688
2023-11-06,149.4983367919922
2023-11-07,150.93551635742188
2023-11-08,151.0536651611328
2023-11-09,149.91175842285156
2023-11-10,153.2094268798828
2023-11-13,152.7960205078125
2023-11-14,156.0543212890625
2023-11-15,156.18226623535156
2023-11-16,156.32009887695312
2023-11-17,156.35946655273438
2023-11-20,158.24948120117188
2023-11-21,157.33401489257812
2023-11-22,157.9837188720703
2023-11-24,157.75729370117188
2023-11-27,157.59982299804688
2023-11-28,158.0132293701172
2023-11-29,157.89511108398438
2023-11-30,157.45211791992188
2023-12-01,157.92462158203125
2023-12-04,156.4480438232422
2023-12-05,156.8615264892578
2023-12-06,155.9263458251953
2023-12-07,158.18057250976562
2023-12-08,158.84996032714844
2023-12-11,160.20843505859375
2023-12-12,161.5176544189453
2023-12-13,163.52577209472656
2023-12-14,163.37814331054688
2023-12-15,164.02784729003906
2023-12-18,165.24237060546875
2023-12-19,166.04156494140625
2023-12-20,163.5946807861328
2023-12-21,165.50875854492188
2023-12-22,165.77516174316406
2023-12-26,166.7716522216797
2023-12-27,167.08740234375
2023-12-28,167.01834106445312
2023-12-29,166.2882080078125
2024-01-02,163.48614501953125
2024-01-03,161.72994995117188
2024-01-04,160.93075561523438
2024-01-05,161.13796997070312
2024-01-08,164.47279357910156
2024-01-09,164.7885284423828
2024-01-10,165.91331481933594
2024-01-11,166.2882080078125
2024-01-12,166.347412109375
2024-01-16,166.31781005859375
2024-01-17,165.38050842285156
2024-01-18,167.81748962402344
2024-01-19,171.07342529296875
2024-01-22,171.28062438964844
2024-01-23,172.04031372070312
2024-01-24,172.94801330566406
2024-01-25,173.14537048339844
2024-01-26,172.13900756835938
2024-01-29,173.8951873779297
2024-01-30,172.71121215820312
2024-01-31,169.3171844482422
2024-02-01,171.3990020751953
2024-02-02,174.30960083007812
2024-02-05,174.02346801757812
2024-02-06,173.68798828125
2024-02-07,175.44422912597656
2024-02-08,175.78953552246094
2024-02-09,177.49642944335938
2024-02-12,176.80580139160156
2024-02-13,174.04319763183594
2024-02-14,175.9671630859375
2024-02-15,176.49005126953125
2024-02-16,174.88185119628906
2024-02-20,173.55975341796875
2024-02-21,172.83949279785156
2024-02-22,177.95028686523438
2024-02-23,177.4076385498047
2024-02-26,177.33856201171875
2024-02-27,177.75296020507812
2024-02-28,176.79591369628906
2024-02-29,178.27586364746094
2024-03-01,181.02859497070312
2024-03-04,180.31822204589844
2024-03-05,177.1116485595703
2024-03-06,178.25616455078125
2024-03-07,180.93983459472656
2024-03-08,178.32521057128906
2024-03-11,177.67401123046875
2024-03-12,180.18997192382812
2024-03-13,178.81854248046875
2024-03-14,178.39427185058594
2024-03-15,176.25326538085938
2024-03-18,177.92886352539062
2024-03-19,178.3638153076172
2024-03-20,180.49908447265625
2024-03-21,181.31959533691406
2024-03-22,181.48764038085938
2024-03-25,180.90438842773438
2024-03-26,180.31124877929688
2024-03-27,180.97360229492188
2024-03-28,180.59796142578125
2024-04-01,181.0131378173828
2024-04-02,179.4215850830078
2024-04-03,179.82687377929688
2024-04-04,177.0688018798828
2024-04-05,179.16455078125
2024-04-08,179.23374938964844
2024-04-09,179.8664093017578
2024-04-10,178.31439208984375
2024-04-11,181.1910858154297
2024-04-12,178.26498413085938
2024-04-15,175.32899475097656
2024-04-16,175.3388671875
2024-04-17,173.22335815429688
2024-04-18,172.26449584960938
2024-04-19,168.67605590820312
2024-04-22,170.37637329101562
2024-04-23,172.89715576171875
2024-04-24,173.4803924560547
2024-04-25,172.64999389648438
2024-04-26,175.31912231445312
2024-04-29,176.02096557617188
2024-04-30,172.67967224121094
2024-05-01,171.46376037597656
2024-05-02,173.6385498046875
2024-05-03,177.14791870117188
2024-05-06,179.11512756347656
2024-05-07,179.11512756347656
2024-05-08,179.00636291503906
2024-05-09,179.40179443359375
2024-05-10,179.81698608398438
2024-05-13,180.251953125
2024-05-14,181.39866638183594
2024-05-15,184.21604919433594
2024-05-16,183.8601531982422
2024-05-17,183.78109741210938
2024-05-20,185.05628967285156
2024-05-21,185.42205810546875
2024-05-22,185.37261962890625
2024-05-23,184.56199645996094
2024-05-24,186.3216552734375
2024-05-28,187.0136260986328
2024-05-29,185.72850036621094
2024-05-30,183.7217559814453
2024-05-31,183.74151611328125
2024-06-03,184.35443115234375
2024-06-04,184.8289337158203
2024-06-05,188.54588317871094
2024-06-06,188.51620483398438
2024-06-07,188.34815979003906
2024-06-10,189.089599609375
2024-06-11,190.39447021484375
2024-06-12,192.85592651367188
2024-06-13,193.93344116210938
2024-06-14,194.931884765625
2024-06-17,197.32418823242188
2024-06-18,197.38351440429688
2024-06-20,195.85122680664062
2024-06-21,195.2778778076172
2024-06-24,193.12925720214844
2024-06-25,195.327392578125
2024-06-26,195.75315856933594
2024-06-27,196.23834228515625
2024-06-28,195.16900634765625
2024-07-01,196.376953125
2024-07-02,198.4265899658203
2024-07-03,200.0702362060547
2024-07-05,202.1792449951172
2024-07-08,202.68423461914062
2024-07-09,202.83274841308594
2024-07-10,204.96157836914062
2024-07-11,200.44647216796875
2024-07-12,201.6643829345703
2024-07-15,202.18914794921875
2024-07-16,202.24855041503906
2024-07-17,196.34725952148438
2024-07-18,195.3571319580078
2024-07-19,193.63424682617188
2024-07-22,196.53538513183594
2024-07-23,195.83236694335938
2024-07-24,188.84190368652344
2024-07-25,186.69326782226562
2024-07-26,188.67356872558594
2024-07-29,189.030029296875
2024-07-30,186.4358367919922
2024-07-31,191.85195922851562
2024-08-01,187.32696533203125
2024-08-02,182.8514862060547
2024-08-05,177.59376525878906
2024-08-06,179.13841247558594
2024-08-07,177.1779022216797
2024-08-08,182.55441284179688
2024-08-09,183.514892578125
2024-08-12,183.98025512695312
2024-08-13,188.5052490234375
2024-08-14,188.57456970214844
2024-08-15,193.34710693359375
2024-08-16,193.57481384277344
2024-08-19,196.11952209472656
2024-08-20,195.69375610351562
2024-08-21,196.64431762695312
2024-08-22,193.50552368164062
2024-08-23,195.58485412597656
2024-08-26,193.70355224609375
2024-08-27,194.3075408935547
2024-08-28,192.11929321289062
2024-08-29,191.80245971679688
2024-08-30,194.1491241455078
2024-09-03,188.2082061767578
2024-09-04,187.68344116210938
2024-09-05,187.9111785888672
2024-09-06,182.8811798095703
2024-09-09,185.19813537597656
2024-09-10,186.87149047851562
2024-09-11,190.9014129638672
2024-09-12,192.85203552246094
2024-09-13,193.70355224609375
2024-09-16,192.87181091308594
2024-09-17,192.98072814941406
2024-09-18,192.11929321289062
2024-09-19,196.98095703125
2024-09-20,196.63441467285156
2024-09-23,197.14013671875
2024-09-24,198.07229614257812
2024-09-25,198.31028747558594
2024-09-26,199.7581024169922
2024-09-27,198.6474609375
2024-09-30,199.17303466796875
2024-10-01,196.4063262939453
2024-10-02,196.7038116455078
2024-10-03,196.54513549804688
2024-10-04,198.88543701171875
2024-10-07,196.75341796875
2024-10-08,199.6986083984375
2024-10-09,201.2753448486328
2024-10-10,201.07701110839844
2024-10-11,201.3348388671875
2024-10-14,203.0404815673828
2024-10-15,200.333251953125
2024-10-16,200.333251953125
2024-10-17,200.51173400878906
2024-10-18,201.8207244873047
2024-10-21,202.1876678466797
2024-10-22,202.4058074951172
2024-10-23,199.3416290283203
2024-10-24,200.92825317382812
2024-10-25,202.14801025390625
2024-10-28,202.20748901367188
2024-10-29,204.09161376953125
2024-10-30,202.60415649414062
2024-10-31,197.4674072265625
2024-11-01,198.9251251220703
2024-11-04,198.34996032714844
2024-11-05,200.8885955810547
2024-11-06,206.332763671875
2024-11-07,209.5853729248047
2024-11-08,209.85308837890625
2024-11-11,209.73410034179688
2024-11-12,209.36721801757812
2024-11-13,209.0697021484375
2024-11-14,207.59213256835938
2024-11-15,202.643798828125
2024-11-18,204.0817108154297
2024-11-19,205.47994995117188
2024-11-20,205.38076782226562
2024-11-21,206.14434814453125
2024-11-22,206.44180297851562
2024-11-25,206.76907348632812
2024-11-26,207.87974548339844
2024-11-27,206.26332092285156
2024-11-29,208.04830932617188
2024-12-02,210.3291015625
2024-12-03,210.9736785888672
2024-12-04,213.57180786132812
2024-12-05,213.00656127929688
2024-12-06,214.9105224609375
2024-12-09,213.24453735351562
2024-12-10,212.4908905029297
2024-12-11,216.30874633789062
2024-12-12,214.92044067382812
2024-12-13,216.58641052246094
2024-12-16,219.66053771972656
2024-12-17,218.73829650878906
2024-12-18,210.86459350585938
2024-12-19,209.85308837890625
2024-12-20,211.75706481933594
2024-12-23,213.7929229736328
2024-12-24,216.7026824951172
2024-12-26,216.53384399414062
2024-12-27,213.66380310058594
2024-12-30,210.7937774658203
2024-12-31,208.9962615966797
2025-01-02,208.59906005859375
2025-01-03,211.98548889160156
2025-01-06,214.4384307861328
2025-01-07,210.6249542236328
2025-01-08,210.7044219970703
2025-01-10,207.40733337402344
2025-01-13,206.70223999023438
2025-01-14,206.5135498046875
2025-01-15,211.19102478027344
2025-01-16,209.760986328125
2025-01-17,213.29637145996094
2025-01-21,214.60726928710938
2025-01-22,217.31838989257812
2025-01-23,217.79507446289062
2025-01-24,216.5437774658203
2025-01-27,210.2476043701172
2025-01-28,213.32615661621094
2025-01-29,212.95872497558594
2025-01-30,213.8524932861328
2025-01-31,213.5049285888672
2025-02-03,211.83651733398438
2025-02-04,214.4582977294922
2025-02-05,215.4017333984375
2025-02-06,216.53384399414062
2025-02-07,213.86244201660156
2025-02-10,216.3551025390625
2025-02-11,215.89825439453125
2025-02-12,216.03729248046875
2025-02-13,219.0861053466797
2025-02-14,220.029541015625
2025-02-18,220.5558624267578
2025-02-19,220.56582641601562
2025-02-20,219.6521453857422
2025-02-21,215.11373901367188
2025-02-24,212.5614776611328
2025-02-25,209.909912109375
2025-02-26,210.4164276123047
2025-02-27,204.6266632080078
2025-02-28,207.8144989013672
2025-03-03,203.33566284179688
2025-03-04,202.61070251464844
2025-03-05,205.21261596679688
2025-03-06,199.671142578125
2025-03-07,201.1011962890625
2025-03-10,193.52389526367188
2025-03-11,192.78900146484375
2025-03-12,195.02346801757812
2025-03-13,191.48805236816406
2025-03-14,196.11587524414062
2025-03-17,197.38705444335938
2025-03-18,194.1296844482422
2025-03-19,196.6223602294922
2025-03-20,195.93711853027344
2025-03-21,196.6422119140625
2025-03-24,200.80799865722656
2025-03-25,202.0513458251953
2025-03-26,198.36105346679688
2025-03-27,197.1873016357422
2025-03-28,192.05470275878906
2025-03-31,191.9950408935547
2025-04-01,193.56663513183594
2025-04-02,194.95919799804688
2025-04-03,184.644287109375
2025-04-04,173.35455322265625
2025-04-07,173.58331298828125
2025-04-08,170.48983764648438
2025-04-09,190.50299072265625
2025-04-10,182.77426147460938
2025-04-11,186.0269012451172
2025-04-14,187.41946411132812
2025-04-15,187.57859802246094
2025-04-16,181.9287567138672
2025-04-17,181.88897705078125
2025-04-21,177.45265197753906
2025-04-22,182.0282440185547
2025-04-23,186.07662963867188
2025-04-24,191.3584442138672
2025-04-25,193.52685546875
2025-04-28,193.47711181640625
2025-04-29,194.77020263671875
2025-04-30,194.8100128173828
2025-05-01,197.09776306152344
2025-05-02,200.17138671875
2025-05-05,199.0573272705078
2025-05-06,197.157470703125
2025-05-07,197.9631805419922
2025-05-08,199.96249389648438
2025-05-09,199.8928680419922
2025-05-12,207.95980834960938
2025-05-13,211.14280700683594
2025-05-14,212.4060516357422
2025-05-15,212.68458557128906
2025-05-16,213.5598907470703
2025-05-19,213.79861450195312
2025-05-20,213.0625457763672
2025-05-21,210.08843994140625
2025-05-22,210.54598999023438
2025-05-23,208.5466766357422
2025-05-27,213.4703826904297
2025-05-28,212.5254364013672
2025-05-29,212.95314025878906
2025-05-30,212.61492919921875
2025-06-02,214.28602600097656
2025-06-03,215.95709228515625
2025-06-04,216.52407836914062
2025-06-05,214.87289428710938
2025-06-06,217.00152587890625
2025-06-09,217.35960388183594
2025-06-10,218.7820281982422
2025-06-11,218.055908203125
2025-06-12,218.55323791503906
2025-06-13,215.78799438476562
2025-06-16,218.8218231201172
2025-06-17,216.663330078125
2025-06-18,216.64344787597656
2025-06-20,215.68853759765625
2025-06-23,217.95574951171875
2025-06-24,221.29283142089844
2025-06-25,221.87057495117188
2025-06-26,223.9425506591797
2025-06-27,224.71954345703125
2025-06-30,226.22373962402344
2025-07-01,224.24139404296875
2025-07-02,225.83523559570312
2025-07-03,228.0366973876953
2025-07-07,226.30340576171875
2025-07-08,226.4727783203125
2025-07-09,228.08651733398438
2025-07-10,227.74781799316406
2025-07-11,227.249755859375
2025-07-14,228.05662536621094
2025-07-15,228.28573608398438
2025-07-16,228.5347900390625
2025-07-17,230.3577117919922
2025-07-18,230.1584930419922
2025-07-21,231.323974609375
2025-07-22,230.1584930419922
2025-07-23,231.20445251464844
2025-07-24,231.69253540039062
2025-07-25,232.24041748046875
2025-07-28,232.98753356933594
2025-07-29,232.6388702392578
2025-07-30,232.8978729248047
2025-07-31,231.67263793945312
2025-08-01,227.1401824951172
2025-08-04,231.323974609375
2025-08-05,229.71022033691406
2025-08-06,232.61895751953125
2025-08-07,233.44573974609375
2025-08-08,235.6073760986328
2025-08-11,234.9200439453125
2025-08-12,237.85865783691406
2025-08-13,237.9881591796875
2025-08-14,237.7740020751953
2025-08-15,236.73301696777344
2025-08-18,236.65333557128906
2025-08-19,233.45571899414062
2025-08-20,232.07107543945312
2025-08-21,231.02513122558594
2025-08-22,234.56141662597656
2025-08-25,233.8740997314453
2025-08-26,234.8502960205078
2025-08-27,235.1890106201172
2025-08-28,236.6632843017578
2025-08-29,233.90396118164062
2025-09-02,231.95155334472656
2025-09-03,233.72467041015625
2025-09-04,235.87632751464844
2025-09-05,236.2349395751953
2025-09-08,237.36058044433594
2025-09-09,238.06784057617188
2025-09-10,238.13758850097656
2025-09-11,239.5321807861328
2025-09-12,240.56817626953125
2025-09-15,242.66006469726562
2025-09-16,242.44090270996094
2025-09-17,241.95278930664062
2025-09-18,244.1741943359375
2025-09-19,245.83773803710938
2025-09-22,247.2460174560547
2025-09-23,245.60037231445312
2025-09-24,244.74264526367188
2025-09-25,243.68544006347656
2025-09-26,244.72268676757812
2025-09-29,245.8297576904297
2025-09-30,246.46807861328125
2025-10-01,247.6748809814453
2025-10-02,248.67225646972656
2025-10-03,247.6649169921875
2025-10-06,249.51002502441406
2025-10-07,248.1935272216797
2025-10-08,251.0459747314453
2025-10-09,250.7467498779297
2025-10-10,242.02980041503906
2025-10-13,247.17620849609375
2025-10-14,245.56048583984375
2025-10-15,247.22607421875
2025-10-16,246.348388671875
2025-10-17,247.9541473388672
2025-10-20,251.0958251953125
2025-10-21,251.02601623535156
2025-10-22,248.6024169921875
2025-10-23,250.726806640625
2025-10-24,253.34988403320312
2025-10-27,257.8978576660156
2025-10-28,259.8825988769531
2025-10-29,261.0993957519531
2025-10-30,257.04010009765625
2025-10-31,258.27685546875
2025-11-03,259.54351806640625
2025-11-04,254.27740478515625
2025-11-05,255.90310668945312
2025-11-06,251.1656494140625
2025-11-07,250.39768981933594
2025-11-10,255.90310668945312
2025-11-11,255.21493530273438
2025-11-12,255.03541564941406
2025-11-13,249.8192138671875
2025-11-14,249.98875427246094
2025-11-17,247.8743438720703
2025-11-18,244.86231994628906
2025-11-19,246.29852294921875
2025-11-20,240.4739227294922
2025-11-21,242.27915954589844
2025-11-24,248.4827423095703
2025-11-25,250.0087127685547
2025-11-26,252.25277709960938
2025-11-28,254.22755432128906
2025-12-01,253.4595947265625
2025-12-02,255.41441345214844
2025-12-03,256.0327453613281
2025-12-04,255.78343200683594
2025-12-05,256.8506164550781
2025-12-08,256.3519287109375
2025-12-09,256.6711120605469
2025-12-10,257.7083435058594
2025-12-11,256.87054443359375
2025-12-12,251.90370178222656
2025-12-15,250.6968994140625
2025-12-16,251.18560791015625
2025-12-17,246.5378875732422
2025-12-18,250.09848022460938
2025-12-19,253.42965698242188
2025-12-22,254.58106994628906
2025-12-23,255.82936096191406
2025-12-24,256.5184020996094
2025-12-26,256.5284118652344
2025-12-29,255.30007934570312
2025-12-30,254.69091796875
